year,Rainfall (mm/year)
2004,712.0694920488296
2005,807.6813887022995
2006,623.3674946599291
2007,878.1222042483676
2008,978.9766149994532
2009,594.5060073376934
2010,1071.817306680833
2011,861.1012982033818
2012,661.9333434340589
2013,1011.9902956252286
2014,543.6702302422138
2015,839.6451715591922
2016,658.0776743919312
2017,662.5913146160046
2018,768.6102207987431
2019,649.632309212937
2020,721.1456304189763
2021,1058.61353611019
2022,824.2027428504595
2023,848.5028830484159
