Model,RMSE (mm),MAE (mm),R²
Random Forest,30.709689310032363,22.32703687317818,0.8024662492014591
XGBoost,29.02501674691411,21.69520572953835,0.8235444092932312
LSTM,61.90443493930781,42.47909831715033,0.4715597218816159
